minute,minutes_left,snapshots,accuracy,accuracy_score_only,brier
0,48,19680,0.6637,0.5554,0.2125
1,47,19680,0.664,0.5562,0.2118
2,46,19680,0.6664,0.5715,0.2109
3,45,19680,0.6737,0.5829,0.2088
4,44,19680,0.6751,0.5979,0.2077
5,43,19680,0.6784,0.6034,0.2063
6,42,19680,0.6796,0.6162,0.2045
7,41,19680,0.682,0.6218,0.203
8,40,19680,0.6853,0.6352,0.2005
9,39,19680,0.6921,0.6426,0.1982
10,38,19680,0.695,0.6497,0.196
11,37,19680,0.6991,0.6579,0.194
12,36,19680,0.7061,0.6594,0.1913
13,35,19680,0.7118,0.6676,0.1893
14,34,19680,0.7139,0.674,0.1871
15,33,19680,0.7155,0.6786,0.1845
16,32,19680,0.7215,0.6876,0.1821
17,31,19680,0.7249,0.6912,0.1806
18,30,19680,0.7282,0.6972,0.1779
19,29,19680,0.7312,0.7052,0.1751
20,28,19680,0.7361,0.7099,0.1725
21,27,19680,0.7438,0.7179,0.1687
22,26,19680,0.7517,0.725,0.1666
23,25,19680,0.7566,0.7303,0.1645
24,24,19680,0.7587,0.7365,0.1624
25,23,19680,0.7639,0.7403,0.1593
26,22,19680,0.7717,0.7463,0.1563
27,21,19680,0.7741,0.754,0.1532
28,20,19680,0.7786,0.7609,0.1501
29,19,19680,0.784,0.7698,0.1462
30,18,19680,0.7922,0.7787,0.1421
31,17,19680,0.7974,0.785,0.1384
32,16,19680,0.7993,0.7899,0.1361
33,15,19680,0.8064,0.7943,0.1328
34,14,19680,0.8143,0.8002,0.1287
35,13,19680,0.8185,0.8105,0.1247
36,12,19680,0.8251,0.8168,0.1202
37,11,19680,0.8363,0.8243,0.1152
38,10,19680,0.8394,0.8301,0.1104
39,9,19680,0.8446,0.8381,0.1056
40,8,19680,0.8533,0.8461,0.1006
41,7,19680,0.8642,0.8617,0.0953
42,6,19680,0.8698,0.8697,0.0905
43,5,19680,0.8797,0.8793,0.0839
44,4,19680,0.891,0.8902,0.0759
45,3,19680,0.9074,0.9046,0.0662
46,2,19680,0.9247,0.9243,0.0544
47,1,19680,0.9405,0.9394,0.0427
