season,season_label,games,model_accuracy,elo_accuracy,home_team_accuracy,games_with_lines,vegas_accuracy,model_accuracy_on_lined_games,split
2010,2010-11,1230,0.6789,0.687,0.6041,1230,0.687,0.6789,earlier
2011,2011-12,990,0.6626,0.6626,0.5859,990,0.6848,0.6626,earlier
2012,2012-13,1213,0.681,0.6702,0.6109,1212,0.684,0.6815,earlier
2013,2013-14,1230,0.6707,0.6626,0.5805,1230,0.687,0.6707,earlier
2014,2014-15,1230,0.6829,0.6724,0.5748,1230,0.7024,0.6829,earlier
2015,2015-16,1229,0.6851,0.6924,0.5883,1229,0.6965,0.6851,earlier
2016,2016-17,1230,0.6488,0.6504,0.5837,1230,0.6634,0.6488,earlier
2017,2017-18,1230,0.6553,0.6626,0.5772,1230,0.6846,0.6553,earlier
2018,2018-19,1230,0.661,0.6602,0.5935,1230,0.6707,0.661,earlier
2019,2019-20,1059,0.6534,0.6449,0.5515,1059,0.6676,0.6534,earlier
2020,2020-21,1080,0.6278,0.6074,0.5426,1080,0.6583,0.6278,earlier
2021,2021-22,1230,0.6577,0.6463,0.5455,1230,0.6789,0.6577,earlier
2022,2022-23,1230,0.639,0.6333,0.5797,1228,0.6596,0.6384,test
2023,2023-24,1230,0.6585,0.6423,0.5439,1158,0.6917,0.6598,test
2024,2024-25,1230,0.6659,0.6512,0.5431,1230,0.6984,0.6659,test
2025,2025-26,1230,0.6911,0.6764,0.5545,553,0.6474,0.6546,test
